Name,Priority,Treatment
Aaliyah,152,62
Abbigail,104,75
Abby,214,80
Abigail,157,60
Abilene,277,61
Abril,87,70
Ada,213,83
Adaline,143,81
Adalyn,219,76
Adalynn,94,62
Addilyn,213,88
Addison,70,56
Addisyn,218,49
Addyson,270,82
Adelaide,287,69
Adele,111,45
Adelina,197,49
Adeline,170,46
Adelyn,66,84
Adelynn,116,90
Adilene,72,60
Adilyn,220,78
Adilynn,129,65
Adley,229,70
Adriana,151,34
Adrianna,65,66
Agnes,32,68
Ailani,226,68
Aileen,266,47
Ailyn,212,33
Aimee,298,68
Ainsley,195,39
Aisha,96,35
Aitana,233,32
Aiyana,263,76
Aiyanna,206,85
Alaia,243,72
Alaina,152,49
Alana,276,86
Alani,178,75
Alanna,214,78
Alayah,178,55
Alayna,149,83
Aleah,229,77
Aleena,79,68
Alejandra,216,58
Alena,191,87
Alessa,261,84
Alessandra,112,55
Alexa,182,47
Alexandra,174,43
Alexandria,297,73
Alexia,291,86
Alexis,60,65
Alia,296,42
Aliah,241,57
Alice,105,45
Alicia,209,54
Alina,156,51
Alison,239,42
Alivia,171,33
Aliyah,192,63
Aliyana,116,59
Aliza,141,75
Allie,257,75
Allison,127,38
Ally,91,73
Allyson,210,45
Alma,270,34
Alondra,62,60
Alyssa,38,89
Amanda,31,50
Amara,104,72
Amari,287,43
Amaris,31,55
Amaya,253,59
Amber,78,36
Amelia,78,76
Amelie,31,49
America,68,46
Amethyst,294,35
Amina,76,33
Amira,238,52
Amiyah,90,37
Amy,163,51
Ana,171,37
Anabelle,163,75
Anahi,166,31
Anais,77,50
Analia,173,47
Analiyah,269,30
Anastasia,235,75
Anaya,242,56
Andrea,258,46
Angel,206,59
Angela,95,51
Angelica,230,87
Angelina,30,72
Anika,295,50
Aniyah,195,49
Ann,244,58
Anna,44,87
Annabel,119,35
Annabella,286,45
Annabelle,226,53
Annabeth,268,90
Annalee,120,75
Annalicia,176,76
Annalise,231,69
Anne,131,36
Annie,244,41
Annika,189,30
Ansley,92,45
Anya,90,76
April,189,70
Arabella,192,84
Araceli,53,39
Aranza,118,36
Arden,41,63
Arely,195,54
Aria,213,59
Ariadne,63,85
Ariah,39,42
Ariana,123,72
Arianna,79,79
Ariel,248,84
Ariella,237,48
Arielle,258,40
Ariya,185,53
Ariyah,121,43
Arleth,66,39
Arlette,245,50
Arya,209,41
Aryanna,300,86
Ashley,86,74
Ashlyn,54,39
Ashlynn,67,42
Aspen,65,75
Astrid,106,65
Athena,164,52
Aubree,118,53
Aubrey,269,56
Aubriana,255,80
Aubrie,264,50
Aubriella,32,67
Audrey,200,58
Audrina,115,78
Aurelia,217,70
Aurora,212,52
Austyn,236,62
Autumn,124,60
Ava,159,52
Avah,207,51
Aveline,54,80
Averie,291,30
Avery,42,39
Aviana,245,85
Avianna,70,60
Aya,169,71
Ayla,250,61
Ayleen,125,56
Aylin,207,90
Azalea,229,88
Bailey,135,72
Barbara,48,30
Beatrice,232,61
Belen,89,76
Bella,148,76
Belle,140,39
Bernice,207,81
Bertha,300,58
Bessie,105,42
Bethany,195,72
Betty,202,90
Beulah,90,59
Bianca,139,72
Blair,136,73
Blake,74,72
Blakely,183,80
Blanche,286,81
Bonnie,193,62
Braelyn,182,52
Braelynn,147,53
Brenda,34,35
Briana,84,31
Brianna,83,53
Briar,227,58
Bridget,129,74
Briella,148,67
Brielle,58,43
Brinley,209,64
Bristol,244,50
Brooke,273,79
Brooklyn,181,71
Brooklynn,172,37
Brylee,85,34
Brynlee,72,58
Brynley,111,69
Brynn,273,32
Cadence,67,57
Cali,268,68
Callie,239,47
Calliope,155,64
Cambria,71,79
Cameron,107,44
Camilla,85,62
Camille,255,52
Campbell,199,45
Camryn,257,84
Carla,203,30
Carly,261,72
Carmen,120,53
Carmen,244,77
Carol,269,90
Carolina,42,74
Caroline,260,85
Carolyn,52,71
Carter,189,87
Cassandra,134,65
Cassidy,139,57
Cataleya,179,46
Catalina,296,40
Catherine,161,45
Cecelia,98,49
Cecilia,51,32
Celeste,263,85
Charlee,113,70
Charleigh,168,38
Charley,278,70
Charli,207,55
Charlie,201,36
Charlotte,102,70
Cheyenne,95,46
Chloe,32,85
Christina,97,68
Claire,300,54
Clara,53,72
Clara,236,63
Clare,185,33
Claudia,167,35
Clementine,150,46
Clover,184,69
Colette,258,37
Collins,215,57
Cora,60,69
Cora,250,47
Coraline,273,69
Crystal,161,30
Cynthia,299,36
Dahlia,155,61
Daisy,225,42
Dakota,220,88
Dalary,92,46
Daleyza,183,90
Dallas,174,47
Dana,225,71
Daniella,180,58
Danielle,205,74
Danika,201,39
Danna,131,72
Daphne,37,76
Delaney,168,73
Delilah,252,71
Della,221,74
Destiny,294,82
Diana,86,85
Dora,191,42
Doris,123,32
Dorothy,188,54
Dulce,290,58
Dylan,187,69
Eden,73,74
Edith,86,89
Edna,90,39
Elaina,209,48
Elaine,96,45
Eleanor,65,66
Elena,89,65
Eliana,198,82
Elianna,34,56
Elin,203,46
Elisa,166,55
Elizabeth,61,44
Elizabeth,130,45
Ella,32,72
Ella,36,90
Elle,242,66
Ellen,192,37
Ellery,90,43
Elliana,188,41
Ellianna,127,84
Ellie,179,37
Eloise,238,39
Elora,127,52
Elsa,140,85
Elsie,279,70
Elva,218,50
Elyse,34,57
Emalyn,287,65
Ember,88,50
Emelia,145,75
Emerald,174,50
Emerson,80,90
Emersyn,113,32
Emery,213,43
Emilia,279,76
Emily,34,30
Emma,41,82
Emma,179,73
Emmalee,57,36
Emmeline,250,49
Emory,222,47
Erika,103,49
Erin,164,71
Erma,221,66
Esme,83,69
Esmeralda,270,73
Estella,172,43
Estelle,220,61
Esther,127,77
Estrella,177,86
Ethel,102,36
Eunice,208,40
Eva,80,30
Eva,274,31
Evangeline,126,39
Eve,149,84
Evelyn,280,73
Evelynn,169,86
Everleigh,133,62
Everly,49,68
Evie,283,58
Faith,138,74
Fatima,199,36
Faye,104,39
Felicity,132,65
Fern,60,33
Fernanda,124,87
Finley,230,31
Fiona,42,78
Flora,250,65
Florence,52,78
Frances,300,46
Francesca,68,48
Frankie,283,33
Freda,216,65
Freya,257,87
Freyja,98,42
Frieda,181,84
Gabriela,206,51
Gabriella,106,77
Gabrielle,206,67
Galilea,204,30
Gemma,196,80
Genesis,66,47
Genevieve,270,33
Georgia,73,36
Georgia,107,67
Geraldine,219,52
Gertrude,95,90
Gia,155,62
Gianna,293,61
Giselle,182,53
Gladys,157,81
Gloria,97,76
Goldie,262,74
Grace,104,66
Grace,219,69
Gracelyn,141,41
Gracelynn,247,46
Gracie,233,44
Greta,128,37
Guadalupe,216,80
Gwen,188,44
Gwendolyn,108,90
Gwyneth,100,42
Hadassah,214,44
Hadlee,173,74
Hadley,122,60
Hailey,133,69
Haley,135,83
Hallie,74,69
Hanna,57,58
Hannah,59,83
Harlee,113,57
Harley,77,61
Harlow,121,61
Harmony,218,31
Harper,105,88
Hattie,268,34
Haven,67,77
Hayden,130,78
Haylee,181,74
Hayley,160,57
Hazel,118,43
Heaven,54,33
Heidi,280,86
Helen,91,40
Helena,95,46
Henley,223,58
Holland,53,35
Holly,142,48
Hope,186,75
Hunter,107,39
Ida,156,74
Ida,167,77
Ila,266,64
Iliana,112,42
Imani,103,32
Inez,196,55
Irene,261,31
Iris,96,75
Irma,212,54
Isabel,146,76
Isabella,76,83
Isabelle,82,78
Isla,289,53
Itzayana,285,79
Itzel,196,87
Ivy,264,86
Izabella,39,34
Jacqueline,142,63
Jade,52,55
Jaelyn,190,45
Jane,85,53
Janessa,58,83
Janet,39,63
Jasmine,219,34
Jaycee,198,87
Jayden,255,69
Jayla,152,85
Jaylah,173,79
Jaylene,127,49
Jaylin,198,76
Jazlyn,284,31
Jazmin,72,36
Jazmine,67,73
Jean,153,86
Jemma,208,31
Jenna,249,62
Jennie,103,30
Jennifer,287,89
Jessica,268,72
Jessie,191,33
Jillian,47,62
Jimena,126,56
Joanna,150,89
Jocelyn,243,67
Johanna,183,68
Jolee,271,64
Jolene,241,61
Jolie,56,43
Jordan,105,65
Jordyn,280,54
Josephine,121,62
Josie,258,69
Joslyn,292,31
Journee,102,75
Journey,185,73
Joy,178,46
Jubilee,66,55
Judith,137,79
Julia,100,32
Julia,148,52
Juliana,240,32
Julianna,126,79
Juliet,102,37
Julieta,130,34
Juliette,112,43
Julissa,43,45
June,50,81
Juniper,176,64
Justice,68,40
Kadence,40,38
Kaia,58,35
Kailani,239,81
Kairi,151,72
Kaitlyn,242,65
Kaiya,112,66
Kali,33,31
Kallie,271,46
Kamila,246,44
Kara,132,46
Karen,83,30
Karina,54,82
Karsyn,278,70
Kassidy,234,34
Kate,191,75
Katelyn,194,40
Katherine,227,38
Kathleen,185,67
Kathryn,283,64
Kaydence,41,68
Kayla,225,65
Kaylee,153,58
Kayleigh,91,42
Kaylie,59,49
Kaylin,275,71
Keira,53,62
Kelly,38,45
Kendall,43,85
Kendra,297,67
Kenia,180,37
Kenna,252,55
Kennedy,241,36
Kenya,258,48
Kenzie,255,53
Khaleesi,254,87
Khloe,144,90
Kiara,300,44
Kiera,51,65
Kimber,146,82
Kimberly,177,83
Kinley,216,70
Kinsley,291,77
Kinzley,281,84
Kira,120,77
Kora,128,66
Kyla,178,53
Kylee,300,37
Kylie,296,64
Kyra,266,87
Lacey,92,85
Laila,138,90
Lainey,104,82
Lana,164,89
Laura,224,46
Laurel,205,52
Lauren,31,30
Layla,232,53
Laylah,231,49
Leah,198,88
Leia,174,39
Leighton,181,42
Leila,140,78
Leilani,104,43
Lena,146,85
Lena,213,71
Lennon,85,82
Leona,246,79
Leslie,175,57
Lexi,169,73
Lexie,266,59
Lia,51,52
Liana,287,31
Liberty,244,37
Lila,73,32
Lilah,107,40
Lilian,289,88
Liliana,135,71
Lilianna,72,87
Lilith,236,65
Lillian,216,82
Lilliana,108,59
Lillianna,157,48
Lilly,275,56
Lillyana,81,74
Lillyanna,300,66
Lily,264,79
Lilyana,218,90
Lilyanna,174,48
Lina,298,87
Linnea,286,89
Liv,180,66
Logan,145,62
Lois,227,39
Lola,275,80
London,287,48
Londyn,123,79
Lorelai,214,57
Lorena,178,38
Loretta,95,89
Lorraine,83,81
Louisa,81,56
Louise,180,79
Lucia,246,80
Luciana,119,57
Lucille,125,84
Lucille,283,90
Lucy,32,54
Luella,206,64
Luna,54,30
Lydia,287,75
Lyla,87,63
Lylah,84,81
Lyric,69,35
Mabel,86,71
Mable,253,61
Maci,204,79
Macie,261,63
Mackenzie,260,82
Macy,44,56
Madalyn,126,51
Maddison,254,60
Madeleine,60,58
Madeline,237,61
Madelyn,48,50
Madelynn,187,78
Madilyn,58,81
Madilynn,275,32
Madison,204,71
Mae,225,57
Maeve,294,56
Magdalena,50,60
Maggie,40,77
Magnolia,108,47
Maia,283,70
Maisie,203,89
Makayla,268,32
Makena,143,65
Makenna,269,77
Makenzie,88,66
Malia,278,56
Maliyah,277,33
Mara,70,88
Maren,197,40
Margaret,195,40
Margot,198,37
Marguerite,247,73
Maria,261,64
Mariah,218,39
Mariam,81,39
Marian,237,49
Mariana,283,79
Marie,165,40
Marilyn,217,37
Marin,299,87
Marion,122,63
Marissa,275,84
Marjorie,185,66
Marlee,241,66
Marley,254,80
Marlowe,254,75
Martha,140,77
Mary,117,47
Maryam,129,55
Matilda,294,83
Maude,282,66
Mavis,243,53
Maxine,288,89
May,144,31
Maya,64,73
Mckenna,79,58
Mckenzie,298,42
Mckinley,236,60
Meadow,62,66
Megan,191,89
Melanie,233,59
Melany,226,73
Melina,155,78
Melissa,131,32
Melody,90,90
Mercy,250,66
Meredith,297,66
Mia,196,81
Michaela,86,69
Michelle,240,62
Mikaela,104,80
Mikayla,210,78
Mila,236,41
Milana,145,66
Mildred,197,75
Milena,60,43
Millie,150,90
Milly,284,61
Mina,87,38
Minnie,224,88
Mira,146,83
Miranda,204,57
Mireya,203,54
Miriam,190,31
Mollie,151,33
Molly,61,69
Monroe,246,81
Morgan,299,78
Mya,66,74
Myah,40,71
Myla,127,64
Myra,280,48
Myrtle,87,54
Nadia,241,59
Naomi,94,69
Naomi,274,60
Natalia,31,72
Natalie,101,49
Nataly,38,67
Natasha,283,41
Nayeli,196,82
Nell,167,80
Nellie,130,32
Nevaeh,269,40
Nia,175,39
Nicole,80,91
Nina,32,52
Noa,50,68
Noelle,179,48
Nora,210,79
Norah,89,48
Nova,167,47
Nyla,207,76
Oakley,84,60
Octavia,278,83
Olga,156,54
Olive,189,61
Olivia,138,52
Opal,131,80
Ophelia,183,75
Paige,207,87
Paislee,31,89
Paisley,144,75
Palmer,239,82
Parker,287,90
Patricia,175,58
Paulina,173,60
Pauline,225,90
Payton,188,76
Pearl,176,77
Penelope,161,88
Penny,83,38
Perla,259,70
Perry,47,84
Peyton,43,50
Phoebe,271,58
Phoenix,240,77
Piper,268,91
Poppy,233,82
Presley,148,45
Priscilla,131,58
Quinn,278,67
Rachel,45,89
Raegan,286,30
Raelyn,239,36
Raelynn,172,30
Ramona,80,85
Raven,158,59
Raya,222,50
Reagan,199,44
Rebecca,130,43
Rebekah,173,65
Reese,220,69
Regina,207,84
Reina,36,62
Remi,246,35
Remington,209,45
Remy,190,41
Renata,75,64
Reyna,104,40
Rhea,116,52
Riley,127,75
River,191,59
Roberta,89,62
Rory,66,84
Rosa,100,59
Rosalie,186,76
Rose,175,47
Rose,263,75
Roselyn,156,77
Rosemary,169,30
Rowan,135,32
Roxanne,223,53
Ruby,265,65
Ruth,76,84
Ruth,290,51
Ryan,102,42
Ryann,283,83
Rylee,126,78
Ryleigh,50,70
Rylie,261,76
Rylynn,291,65
Sabrina,254,74
Sadie,70,72
Sage,152,40
Salem,47,68
Sally,212,74
Salma,184,73
Samantha,171,66
Samara,160,78
Saoirse,228,62
Sara,36,69
Sara,157,35
Sarah,130,41
Sarai,177,30
Sasha,223,41
Savanna,105,34
Savannah,139,38
Sawyer,257,32
Saylor,233,56
Scarlet,153,49
Scarlett,167,30
Scarlette,180,40
Selah,206,68
Selena,69,58
Serena,230,55
Serenity,286,55
Sharon,45,55
Shea,94,72
Shelby,226,81
Shiloh,66,50
Shirley,282,58
Siena,212,73
Sienna,162,47
Sierra,98,48
Skye,143,38
Skyla,265,44
Skylar,137,47
Skyler,60,64
Sloan,130,35
Sloane,179,63
Sofia,99,38
Sophia,273,40
Sophie,260,38
Stella,175,90
Stephanie,269,32
Sterling,294,55
Stevie,99,64
Summer,91,59
Sydney,228,37
Sylvia,190,87
Sylvia,249,67
Talia,187,45
Tara,236,80
Tatiana,130,67
Tatum,230,76
Taya,192,52
Taylor,79,90
Teagan,126,46
Tegan,233,58
Temperance,106,81
Tenley,187,63
Teresa,277,89
Tessa,105,52
Thalia,173,32
Thea,155,34
Thelma,262,82
Theresa,62,87
Theresa,204,74
Trinity,241,68
Vada,226,71
Valentina,86,58
Valeria,244,35
Valerie,169,42
Vanessa,295,61
Velma,135,60
Vera,93,30
Vera,224,75
Verna,114,65
Victoria,77,40
Viola,182,34
Violet,32,61
Violet,74,76
Virginia,78,87
Virginia,84,49
Vivian,97,61
Viviana,73,77
Vivien,118,46
Vivienne,223,83
Whitney,148,51
Willa,31,66
Willow,193,64
Wilma,199,51
Winter,96,44
Wren,206,65
Wynter,151,45
Ximena,113,58
Yamileth,276,43
Yareli,42,55
Yaretzi,93,57
Yaritza,196,68
Yesenia,67,43
Zara,193,32
Zariah,279,34
Zayla,76,58
Zaylee,177,36
Zelda,139,58
Zella,291,90
Zoe,255,58
Zoey,86,86
Zoie,182,55
Zora,297,32
Zuri,203,73